,0
konstitutsiyaviy,284
tuzum,177
suverenitet,18
konstitutsiya,38
o‘zbekiston,656
respublikasi,524
va,947
jamiyat,23
qurilishi,1
konstitutsiya]o‘zbekiston,1
konstitutsiyasimazkur,1
yangi,7
tahrirdagi,1
konstitutsiyasi,17
yil,10
aprel,1
kuni,2
o‘tkazilgan,1
referendumida,1
umumxalq,2
ovoz,12
berish,15
orqali,14
qabul,50
qilingan,16
muqaddima,1
biz,1
o‘zbekistonning,5
yagona,9
xalqi,3
inson,83
huquq,122
erkinliklariga,5
milliy,10
umuminsoniy,3
qadriyatlarga,2
davlat,232
suvereniteti,3
prinsiplariga,4
sodiqligimizni,1
tantanali,2
ravishda,6
qilib,6
demokratiya,2
erkinlik,8
tenglik,3
ijtimoiy,65
adolat,3
birdamlik,2
g‘oyalariga,1
sadoqatimizni,1
namoyon,1
uning,71
hayoti,3
erkinligi,15
qadrqimmati,5
oliy,296
qadriyat,2
hisoblanadigan,1
insonparvar,1
demokratik,5
davlatni,2
ochiq,2
adolatli,4
jamiyatni,1
barpo,1
etish,62
borasida,2
hozirgi,2
kelajak,2
avlodlar,2
oldidagi,1
yuksak,1
anglagan,1
holda,18
davlatchiligimiz,1
rivojining,1
uch,7
ming,2
yildan,1
ziyod,1
tarixiy,4
tajribasiga,1
shuningdek,68
jahon,3
sivilizatsiyasiga,1
beqiyos,1
hissa,1
qo‘shgan,2
buyuk,1
ajdodlarimizning,1
ilmiy,9
madaniy,12
merosiga,1
tayanib,1
mamlakatimizning,1
bebaho,1
tabiiy,39
boyliklarini,1
ko‘paytirishga,1
hamda,102
uchun,59
asrabavaylashga,1
atrofmuhit,1
musaffoligini,1
saqlashga,3
astoydil,1
ahd,1
xalqaro,63
huquqning,7
etilgan,14
prinsip,5
normalariga,8
asoslangan,1
hamjamiyati,1
eng,14
avvalo,1
qo‘shni,1
davlatlar,5
bilan,115
do‘stona,1
munosabatlarini,2
hamkorlik,1
o‘zaro,7
qo‘llabquvvatlash,5
tinchlik,1
totuvlik,1
asosida,18
mustahkamlash,2
rivojlantirishga,4
intilib,1
fuqarolarning,43
munosib,4
hayot,4
kechirishini,1
millatlararo,1
konfessiyalararo,1
totuvlikni,1
ko‘p,2
millatli,1
jonajon,1
o‘zbekistonimizning,1
farovonligini,3
gullabyashnashini,1
maqsad,2
qilgan,6
ushbu,19
konstitutsiyani,4
qilamiz,1
qilamizbirinchi,1
bo‘lim,6
asosiy,47
bob,27
boshqaruvning,1
respublika,12
shakliga,1
ega,30
bo‘lgan,31
suveren,3
huquqiy,16
dunyoviy,1
davlatning,8
“o‘zbekiston,75
“o‘zbekiston”,1
degan,1
nomlari,1
bir,39
xalq,30
irodasini,2
ifoda,2
etib,6
manfaatlariga,7
xizmat,17
qiladi,24
organlari,86
mansabdor,17
shaxslar,17
fuqarolar,23
oldida,6
o‘zining,4
milliydavlat,2
tuzilishini,1
hokimiyati,48
organlarining,33
tizimini,5
belgilaydi,2
ichki,10
tashqi,17
siyosatini,3
amalga,68
hudud,4
chegarasi,1
hududi,2
daxlsiz,1
bo‘linmasdir lexuz,1
sharhiqarang,135
respublikasining,207
tuzilishi,11
to‘g‘risida”gi,142
tili,3
o‘zbek,2
fuqaroning,64
huquqlari,85
erkinliklari,70
burchlari,57
erkinlikning,13
kafolati,13
himoyasi,13
o‘z,65
hududida,17
istiqomat,1
qiluvchi,6
millat,1
elatlarning,1
tillari,1
urfodatlari,1
hurmat,3
qilinishini,4
ularning,32
rivojlanishi,6
sharoit,1
ramzlari,4
poytaxt,2
gerbi,3
madhiyasi,2
bayrog‘i]modda,1
qonun,62
tasdiqlanadigan,1
bayrog‘i,2
madhiyasiga,1
to‘g‘risida”,4
poytaxti,1
toshkent,9
shahriii,1
hokimiyatchiligimodda,1
hokimiyatining,6
birdanbir,1
manbaidir,1
respublikasida,25
manfaatlarini,5
ko‘zlab,2
qonunlar,3
vakolat,8
bergan,2
organlar,2
tomonidangina,1
konstitutsiyada,4
nazarda,25
tutilmagan,1
tartibda,19
vakolatlarini,9
o‘zlashtirish,1
hokimiyat,9
faoliyatini,31
to‘xtatib,3
qo‘yish,3
yoki,49
tugatish,8
hokimiyatning,2
muvoziy,1
tarkiblarini,1
tuzish,5
konstitutsiyaga,6
xilof,4
hisoblanadi,10
qonunga,25
binoan,21
javobgarlikka,4
tortishga,1
asos,4
bo‘ladi lexuz,2
jinoyat,19
kodeksining,40
aholi,11
xalqini,1
millatidan,1
nazar,4
fuqarolari,9
tashkil,40
mazkur,16
konstitutsiyaning,15
referendum,9
saylov,42
tizimi,30
hayotining,6
muhim,6
masalalari,25
muhokamasiga,6
taqdim,13
etiladi,5
ovoziga,1
referendumga,2
qo‘yiladi,5
o‘tkazish,11
tartibi,35
referendumi,4
majlisi,66
majlis,56
senati,90
yuqori,13
palatasi,138
vakolati,11
qonunchilik,186
quyi,17
palata,17
prezidenti,63
nomidan,6
faqat,18
u,11
saylagan,1
ish,16
olib,10
borishi,1
moddalari,25
jamiyatning,5
bironbir,2
qismi,36
siyosiy,34
partiya,1
jamoat,22
birlashmasi,1
harakat,2
alohida,9
shaxs,22
borishga,1
haqli,10
umumiy,87
qoidalar,17
majlisga,7
saylovlar,12
vazirlar,50
mahkamasi,33
ga,34
qarang,25
sud,52
chiqaruvchi,5
ijro,22
etuvchi,13
hokimiyatiga,1
bo‘linishi,2
prinsipiga,4
moddasining,45
birinchi,36
moddasimodda,3
institutlar,3
mafkuralar,1
fikrlarning,1
xilmaxilligi,1
rivojlanadi,1
hech,15
qaysi,2
mafkura,1
mafkurasi,1
sifatida,5
o‘rnatilishi,1
mumkin,55
prinsiplarga,1
asoslanadi,1
ularga,8
ko‘ra,7
boshqa,98
ajralmas,2
erkinliklar,32
himoya,47
barqaror,6
rivojlanishini,2
maqsadida,6
qonuniylik,5
prinsiplari,4
oshiradiiii,1
qonunning,8
qonunlarining,6
ustunligi,1
so‘zsiz,1
tan,3
olinadi,1
mamlakatning,2
butun,8
yuridik,23
kuchga,10
to‘g‘ridanto‘g‘ri,4
amal,7
makonning,1
asosini,2
sudi,20
qonunining,58
munosabatlar,16
shartnomalar,2
huquqi,22
shartnomalari,6
normalari,1
qatorda,1
tizimining,2
tarkibiy,4
qismidir,1
agar,11
shartnomasida,1
qonunida,1
tutilganidan,1
boshqacha,2
belgilangan,24
bo‘lsa,6
shartnomasi,1
qoidalari,2
qo‘llaniladi lexuz,1
qonuni,36
tashkilotlar,15
fuqarolik,34
jamiyati,7
institutlari,3
qonunlarga,3
muvofiq,30
birorta,2
qoidasi,1
bo‘limida,1
tutilgan,22
normalarga,1
zarar,3
yetkazadigan,1
tarzda,8
talqin,2
etilishi,11
emas,16
qonunlari,12
normativhuquqiy,10
hujjatlari,3
uni,12
yuzasidan,24
qilinadi,6
hujjat,1
zid,4
bo‘lishi,20
hujjatlar,13
moddasiiv,1
aloqalarni,7
sohasida,9
munosabatlarning,1
to‘la,2
huquqli,1
davlatlararo,10
aloqalarda,5
masalalar,32
munosabatlarda,8
tamoyillar,1
nizolarni,2
hal,11
qilishning,3
tinch,3
siyosati,5
davlatlarning,4
tengligi,2
kuch,2
ishlatmaslik,1
tahdid,4
qilmaslik,2
chegaralarning,1
buzilmasligi,1
hududiy,6
yaxlitligi,1
yo‘l,20
ishlariga,3
aralashmaslik,1
ikki,21
tomonlama,3
munosabatlarni,1
har,51
taraflama,2
qaratilgan,4
tinchliksevar,1
siyosatni,1
bobi,5
shartnomalarini,1
bajarishga,2
doir,8
xalqning,3
manfaatlaridan,2
farovonligi,2
xavfsizligidan,1
kelib,4
chiqqan,3
ittifoqlar,1
tuzishi,2
hamdo‘stliklarga,1
tuzilmalarga,1
kirishi,4
ulardan,6
chiqishi,6
mumkinikkinchi,1
burchlariv,1
insonning,10
kafolatlanadi,5
kimga,7
tug‘ilganidan,1
boshlab,3
tegishli,12
bo‘ladi[okoz,2
barcha,15
xil,3
erkinliklarga,1
bo‘lib,7
jinsi,1
irqi,1
millati,1
dini,1
mavqeyidan,1
moddasi,52
fuqaroligi,8
to‘rtinchi,6
ishlarini,10
yuritish,6
to‘g‘risidagi,59
protsessual,5
oila,19
kodeksi,6
mehnat,28
javobgarlik,6
kodeksning,1
imtiyozlar,1
belgilanadi,3
mos,1
shartmodda,1
fuqarosi,8
birbiriga,1
nisbatan,7
majburiyatlar,2
bog‘liqdir[okoz,1
shaxsiy,35
daxlsizlik,9
obro‘siga,4
tajovuzlardan,4
hayotiga,5
aralashishdan,4
himoyalanish,6
turar,5
joy,4
daxlsizligi,6
qonunlarda,10
mustahkamlab,1
qo‘yilgan,3
daxlsizdir,4
qarorisiz,3
mahrum,13
etishga,7
ularni,13
cheklab,2
qo‘yishga,1
kim,30
bevosita,4
qonunlarning,3
o‘zini,23
o‘zi,26
boshqarish,22
shaxslari,3
faoliyatining,11
mohiyati,3
mazmunini,1
tomonidan,60
insonga,1
qo‘llaniladigan,1
choralari,1
mutanosiblik,1
asoslanishi,1
maqsadlarga,1
erishish,1
yetarli,2
munosabatlarida,1
yuzaga,2
keladigan,1
qonunchilikdagi,1
ziddiyatlar,2
noaniqliklar,1
foydasiga,3
shaxsini,1
erkin,7
kamol,3
toptirish,1
huquqiga,40
roziligisiz,4
qonunchilikda,1
belgilanmagan,1
majburiyat,1
yuklatilishi,1
erkinliklarini,11
oshirishda,3
shaxslarning,17
qonuniy,10
putur,1
yetkazmasligi,2
tuzumni,3
aholining,20
sog‘lig‘ini,5
axloqni,2
qilish,92
xavfsizligini,9
tartibini,2
zarur,6
doirada,2
cheklanishi,2
mumkinvi,1
o‘rnatiladi,1
unga,9
qanday,8
asoslarda,2
bo‘lganlikdan,1
hamma,3
uchinchi,5
qoraqalpog‘iston,39
ayni,14
vaqtda,2
ikkinchi,11
fuqarolikka,2
bo‘lish,8
bekor,4
yo‘qotish,1
asoslari,22
xavfsizlik,26
tartibot,18
muhofazasi,21
xavfsizligi,9
fuqarolarining,4
o‘zbekistondan,4
ham,5
tashqarisida,1
fuqarolarini,1
homiylik,1
ko‘rsatishni,2
tashqariga,2
majburiy,7
chiqarib,1
yuborilishi,4
davlatga,1
berib,1
huquqlarini,10
qiynashni,2
taqiqlash,3
diskriminatsiya,2
bolalar,7
huquqini,4
ayollar,4
xorijda,1
yashayotgan,3
vatandoshlar,1
saqlab,1
qolish,1
rivojlantirish,10
to‘g‘risida,17
g‘amxo‘rlik,6
chet,8
el,2
hududidagi,2
bo‘lmagan,5
ular,11
burchlarni,1
ado,1
moddalarivii,1
yashash,3
huquqidir,1
muhofaza,38
suiqasd,1
og‘ir,4
o‘lim,1
jazosi,1
narsa,1
kamsitish,1
qiynoqqa,1
solinishi,1
zo‘ravonlikka,1
shafqatsiz,1
g‘ayriinsoniy,1
qadrqimmatini,5
kamsituvchi,1
muomalaga,5
yoxud,6
jazoga,3
duchor,1
kimda,1
tibbiy,7
tajribalar,1
o‘tkazilishi,3
asoslanmagan,2
hibsga,2
olinishi,5
ushlab,4
turilishi,4
qamoqqa,3
qamoqda,2
saqlanishi,2
ozodligi,1
jinoyatprotsessual,9
olishga,6
sudning,13
qaroriga,7
qirq,1
sakkiz,2
soatdan,1
ortiq,11
muddat,2
shaxsni,1
ushlash,1
chog‘ida,2
tushunarli,1
tilda,3
tushuntirilishi,1
qonunchiligi,29
dalillar,2
isbot,2
qilinishi,15
lozim,3
sodir,3
etganlikda,1
ayblanayotgan,1
aybi,1
qonunda,27
oshkora,2
muhokamasi,1
yo‘li,7
isbotlanmaguncha,1
kirgan,1
hukmi,2
aniqlanmaguncha,1
aybsiz,1
deb,5
ayblanuvchiga,1
imkoniyatlar,3
aybdorlikka,1
oid,9
shubhalar,1
bartaraf,2
imkoniyatlari,1
tugagan,1
gumon,3
qilinuvchining,1
ayblanuvchining,1
sudlanuvchining,1
mahkumning,1
kerak,2
qilinuvchi,2
ayblanuvchi,2
sudlanuvchi,2
aybsizligini,1
isbotlashi,1
shart,2
istalgan,2
sukut,1
saqlash,14
huquqidan,6
foydalanishi,2
o‘ziga,8
yaqin,2
qarindoshlariga,1
qarshi,13
guvohlik,2
berishga,3
majbur,1
shaxsning,2
aybini,1
olganligi,1
dalil,1
aybdor,1
topilishi,1
tortilishi,4
ozodlikdan,3
insoniy,1
muomalada,1
shaxsiga,2
xos,5
jinoyatijroiya,1
sudlanganlar,1
qamoqdagi,1
sudlanganligi,1
bundan,6
chiqadigan,1
oqibatlar,1
qarindoshlari,1
cheklash,1
malakali,4
yordam,5
olish,21
hollarda,6
hisobidan,3
ko‘rsatiladi,1
protsessining,1
bosqichida,1
ushlanganida,1
esa,1
harakatlanish,2
amalda,1
cheklangan,1
paytdan,2
tanloviga,1
advokat,3
yordamidan,2
foydalanish,21
prokuratura,22
advokatura,19
notariat,11
adliya,12
fhdy,11
protsessida,1
advokatlarning,2
ayblovning,1
xabardor,1
qilinish,1
berayotgan,1
so‘roq,1
talab,2
tarjimon,2
qonunni,7
buzgan,2
olingan,2
dalillardan,1
odil,20
sudlovni,3
oshirish,17
foydalanishga,1
qo‘yilmaydi[okoz,2
hukm,6
ajrim,2
qarorlarning,4
qonuniyligini,2
adolatliligini,2
asosliligini,2
hukmning,1
turuvchi,2
qayta,9
ko‘rib,25
chiqilishi,7
afv,8
jazoni,2
yengillashtirish,1
iltimos,1
natijasida,1
yetkazilgan,3
moddiy,6
zararni,1
huquqbuzarliklardan,1
jabrlanganlarning,1
jabrlanganlarga,1
himoyalanishni,1
sudlovdan,1
foydalanishni,3
zararning,2
o‘rni,3
qoplanishi,3
shartsharoitlar,14
rasmiy,3
qilinmagan,1
molmulkidan,2
jazo,2
tayinlanishi,2
jinoiy,3
javobgarlikdan,1
jazodan,1
ozod,18
takroran,2
oilaviy,3
sirga,1
yozishmalari,1
telefon,1
so‘zlashuvlari,1
pochta,1
elektron,1
xabarlari,1
sir,3
cheklanishiga,1
asosan,3
qo‘yiladi lexuz,2
boblari,1
noto‘g‘ri,1
tuzatilishini,1
to‘plangan,1
asoslarga,2
bo‘lmay,1
qolgan,4
yo‘q,1
uyjoy,11
uyjoyga,4
unda,2
yashovchi,1
xohishiga,1
kirishga,1
qo‘yishni,1
ko‘zdan,1
kechirishni,1
o‘tkazishga,3
uyjoyda,1
tintuv,1
joydan,1
joyga,1
ko‘chish,1
turgan,3
mamlakat,6
bo‘ylab,1
joyini,1
tanlash,3
cheklovlar,3
chiqish,14
mustasno,3
o‘zbekistonga,1
to‘sqinliksiz,2
qaytish,1
muassasalaridan,1
ayrim,5
toifadagi,7
ustidan,13
nazorat,5
fikr,1
so‘z,2
fikrlash,1
axborotni,5
izlash,4
topish,1
tarqatish,2
kafolatlari,8
axborot,19
axborotlashtirish,3
tizimlari,1
texnologiyalari,1
vositalari,10
internet,2
global,1
tarmog‘idan,1
huquqbuzarliklar,2
tarqatishga,2
huquqni,2
cheklashga,2
sirlari,1
qo‘riqlanadigan,1
oshkor,1
etilishining,2
oldini,1
sirlarini,1
daxldor,2
qarorlar,12
materiallar,2
tanishish,3
tashkilotlari,29
imkoniyatini,4
vijdon,2
xohlagan,1
dinga,2
diniy,10
qarashlarni,1
majburan,1
singdirishga,1
qo‘yilmaydi lexuz,2
qonuniviii,1
boshqarishda,4
ishtirok,19
vakillari,2
bunday,4
referendumlar,1
organlarini,7
shakllantirish,7
faoliyati,47
jamoatchilik,6
nazorati,3
vositasida,1
oshiriladi,4
nazoratini,3
boshqaruvi,20
xizmati,5
xizmatiga,1
kirishda,1
teng,11
huquqqa,2
egadirlar,2
xizmatini,3
o‘tash,2
bog‘liq,6
mitinglar,2
yig‘ilishlar,2
namoyishlar,2
faolliklarini,1
qonunlariga,7
shaklida,1
nuqtai,1
nazaridangina,1
tadbirlar,1
o‘tkazilishini,1
to‘xtatish,1
kasaba,7
uyushmalari,6
partiyalar,11
birlashmalariga,3
uyushish,2
ommaviy,17
harakatlarda,4
uyushmalariga,2
partiyalarga,2
birlashmalari,10
partiyalarda,1
birlashmalarida,1
vakillik,31
organlarida,1
ozchilikni,1
muxolifatchi,1
kamsitishi,1
majlisining,124
oltinchi,2
ariza,1
taklif,5
shikoyatlar,3
murojaat,7
tartiblar,1
rejimlar,1
jismoniy,14
boshqalar,6
birgalikda,1
organlariga,7
tashkilotlariga,1
shaxslarga,3
vakillariga,1
arizalar,2
takliflar,2
o‘zga,3
tashkilotlarga,2
muddatlarda,2
shartix,1
iqtisodiy,15
ekologik,12
ijtimoiyiqtisodiy,18
mulkka,1
mulkdor,3
bo‘lishga,2
meros,5
moliya,17
kredit,16
bank,29
omonati,1
depozit,1
operatsiyalarining,1
omonatlarning,1
hisobvaraqlarning,1
tutilishi,2
siri,1
v,1
bo‘limimodda[okoz,1
ishni,1
sharoitlarida,2
ishlash,2
ishsizlikdan,3
kasb,1
faoliyat,12
turini,1
gigiyena,1
talablariga,1
javob,2
beradigan,1
qulay,4
mehnati,2
kamsitishlarsiz,1
mehnatga,5
haq,8
to‘lashning,2
kam,6
miqdoridan,1
bandligi,14
to‘lash,2
miqdori,1
turmush,4
darajasini,1
zarurati,1
hisobga,3
ishga,7
qilishni,3
rad,9
qo‘yilmasligi],1
homiladorligi,1
bolasi,1
borligi,1
sababli,1
ayollarni,1
ishdan,5
bo‘shatish,5
haqini,1
kamaytirish,1
joylash,3
sohasidagi,13
boshqaruv,2
ishsizlarni,1
bandligini,1
kambag‘allikni,2
qisqartirish,2
choralarini,2
ko‘radi[okoz,5
kasbiy,5
tayyorgarlik,1
malaka,1
tayyorgarligini,1
tayyorlanishini,1
etadi,15
rag‘batlantiradimodda,1
qarori,8
tayinlangan,1
tartibidan,1
hollardan,2
tashqari,5
qismining,12
mehnatni,2
zararli,2
sharoitlari,1
mehnatning,1
holatlari,1
xodimlarni,1
mehnatining,2
muhofazaga,1
muhtoj,2
xodimlar,1
mehnatini,3
tartibga,9
solishning,3
qo‘shimcha,1
xususiyatlari,4
yoshlar,2
bolaning,2
sog‘lig‘iga,2
xavfsizligiga,2
axloqiga,1
aqliy,2
rivojlanishiga,1
xavf,2
soluvchi,3
shu,5
jumladan,3
olishiga,2
to‘sqinlik,3
shakllari,5
dam,6
bayram,2
yollanib,1
ishlovchilarga,1
vaqtining,1
davomiyligini,1
ishlanmaydigan,1
kunlarini,1
to‘lanadigan,4
yilgi,4
belgilash,4
qariganda,2
layoqatini,2
yo‘qotganda,3
boquvchisidan,1
bo‘lganda,1
qobiliyatini,1
ishsizlikda,1
boquvchisini,1
pensiya,1
sug‘urta,6
pensiyalar,2
pensiyalarni,1
hisoblab,1
chiqarish,3
nafaqalar,4
kompensatsiya,2
to‘lovlari,2
nafaqalarni,1
tayinlash,9
hisoblash,1
turdagi,2
yordamning,2
miqdorlari,1
rasman,2
xarajatlaridan,1
oz,1
emasmodda,1
uyjoyli,1
uyjoyidan,2
mulkdorga,1
uyjoyning,1
qiymati,1
ko‘rgan,1
zararlarning,1
oldindan,1
qiymatda,1
kommunal,2
xo‘jalik,6
fuqarolarni,5
fondidan,2
qurilishini,1
rag‘batlantiradi,1
oshirilishi,2
toifalarini,2
fondiga,1
qarashli,1
binolari,1
jihatdan,10
ehtiyojmand,3
xizmatdan,2
sog‘liqni,7
tarbiya,8
sport,5
turizm,3
turli,2
fuqarolarga,2
ko‘rsatish,3
bepul,2
kafolatlangan,1
hajmini,1
sanitariyaepidemiologik,3
sog‘lomligi,1
sanitariya,2
talablarini,1
buzganlik,1
nodavlat,18
shakllarini,3
sug‘urtaning,1
turlarini,1
osoyishtaligini,1
sportni,1
o‘rtasida,4
sog‘lom,4
tarzini,1
atrof,22
muhit,10
resurslar,10
muhitni,11
bo‘yicha,35
holati,5
atrofmuhitga,3
ishonchli,1
axborotga,1
muhitga,2
baholash,1
ko‘rsatilishiga,1
qo‘ymaslik,1
shaharsozlik,5
tadbirkorlik,6
arxitektura,1
normativlari,1
hujjatlarining,2
loyihalari,1
muhokamasidan,2
o‘tkaziladi,7
rivojlanish,1
atrofmuhitni,3
yaxshilash,1
tiklash,3
muvozanatni,1
choratadbirlarni,3
xavfsizlikni,4
qilinadigan,4
hududlar,1
suv,3
zonasi,1
qirg‘oq,1
bo‘yi,1
mintaqasi,1
obyektlarining,1
zonalari,2
er,3
usti,1
yer,5
osti,3
suvlarining,1
hosil,1
mintaqalarning,1
orolbo‘yi,1
mintaqasining,1
mintaqani,1
choralar,4
ko‘radimodda[okoz,1
bilim,1
fan,13
madaniyat,20
uzluksiz,1
turlari,2
maktabgacha,3
tarbiyani,1
yaratadi,5
o‘rta,4
o‘rtamaxsus,1
kasbhunar,1
litseylar,1
boshlang‘ich,1
professional,1
olishni,1
kafolatlaydi,1
majburiydir,2
tashkilotlarida,2
ehtiyojlariga,1
inklyuziv,1
grantlari,1
himoyaga,2
tanlov,1
muassasalari,1
akademik,1
tadqiqotlar,1
o‘qitish,1
pedagoglarning,1
xodimlarining,2
o‘qituvchining,1
barkamol,1
avlodni,1
tarbiyalash,2
salohiyatini,1
boyitishning,1
asosi,1
o‘qituvchilarning,1
o‘sishi,1
texnikaviy,3
ijod,2
yutuqlaridan,2
badiiy,1
intellektual,2
mulk,8
haqida,5
maqsadidir,1
mustahkamlangan,1
taqiqlanmagan,1
usullar,1
qilishga,9
tashkilotlarning,2
shaxslarining,2
qarorlari,9
harakatlari,3
harakatsizligi,2
sudga,4
shikoyat,3
buzilgan,1
ishi,3
vakolatli,2
mustaqil,10
xolis,1
qonunchiligiga,1
shartnomalariga,1
vositalaridan,2
foydalanib,2
bo‘lingan,2
organlarga,2
yetkazilganligi,1
oqibatidagi,1
tufayli,1
mavjud,1
vositalarini,1
to‘ldiradi,1
jamiyatini,1
madaniyatini,1
yuksaltirishga,1
ko‘maklashadi,2
sug‘urtani,2
layoqatsiz,4
yolg‘iz,1
keksalar,1
nogironligi,4
toifalarining,3
sifatini,2
oshirishga,4
hayotida,3
to‘laqonli,6
etishi,5
yaratishga,1
hayotiy,1
ehtiyojlarini,1
imkoniyatlarini,1
kengaytirishga,1
choralarni,1
nogironlar,1
sohalar,1
obyektlari,1
xizmatlaridan,1
joylashishiga,1
xotinqizlar,3
erkaklar,2
erkaklarga,1
sohalarida,2
imkoniyatlarni,1
konstitutsion,6
belgilab,1
burchlarini,1
rioya,6
insonlarning,1
obyektlaridan,1
xalqining,3
merosini,1
asrabavaylashi,1
tarixiymadaniy,1
obyektlarini,2
merosi,1
ehtiyotkorona,1
munosabatda,1
uchinichi,1
viii,1
tabiatdan,1
maxsus,3
bo‘limi,1
soliq,8
soliqlar,3
yig‘imlar],1
yig‘imlarni,1
to‘lashi,1
yig‘imlar,1
oshirishiga,1
qilmasligi,1
mudofaa,10
harbiy,6
xizmatni,2
shartnoma,4
kontrakt,1
xizmatga,1
kirish,1
muqobil,2
fuqaro,1
mudofaasi,1
obyektlarni,1
respublikasini,1
fuqarosining,1
burchidir,1
o‘tashga,1
majburdirlaruchinchi,1
shaxsxii,1
iqtisodiyot,5
ijtimoiymadaniy,5
qurilish,5
boshqaruvining,8
islohotlar,1
iqtisodiyotining,1
negizini,1
xilmaxil,1
shakllardagi,1
bozor,1
halol,1
raqobat,2
ustuvorligini,1
olgan,3
erkinligini,3
ashyoviy,3
huquqlarni,2
shakllarining,1
huquqliligi,1
mulkchilik,1
huquqlar,1
xususiy,4
tartibdan,1
mulkni,1
mulkdorlar,1
huquqlarining,2
molmulkka,1
xohishicha,1
egalik,1
undan,5
foydalanadi,1
tasarruf,1
molmulkdan,1
buzmasligi,1
investitsiyalar,1
xorijdan,1
mablag‘,1
jalb,1
larga,1
investitsiya,1
investitsiyaviy,2
ishbilarmonlik,1
muhitini,1
tadbirkorlarni,1
tadbirkorlar,1
qonunchilikka,3
faoliyatni,1
yo‘nalishlarini,2
tanlashga,1
makon,1
birligi,2
tovarlar,1
xizmatlar,1
resurslari,2
moliyaviy,1
mablag‘larning,1
harakatlanishi,1
monopoliyalar,1
monopoliya,1
raqobatli,1
monopol,1
solinadi,2
boyliklari,2
o‘simlik,1
hayvonot,1
dunyosi,1
umummilliy,2
boylikdir,1
oqilona,2
suvdan,1
“o‘simlik,1
dunyosini,2
“o‘rmon,1
havosini,1
erdan,1
uchastkasiga,1
huquqlarning,1
vujudga,2
kelishi,2
hujjatlariga,1
yerga,1
boylik,1
shartlar,1
mumkinxiii,1
notijorat,22
maqomining,2
radio,3
televideniye,3
jamiyatining,2
institutlarining,2
tashkilotlarini,1
ro‘yxatga,1
tashkilotlarni,1
ro‘yxatiga,1
harakatlar,2
olimlarning,1
jamiyatlari,1
faxriylar,1
ijodiy,4
uyushmalar,1
birlashmalarini,1
tarqatib,8
yuborish,5
taqiqlab,1
asosidagina,1
birlashmalarining,1
zo‘rlik,1
o‘zgartirishni,1
qo‘yuvchi,1
suverenitetiga,1
yaxlitligiga,1
chiquvchi,1
urushni,1
irqiy,1
adovatni,1
targ‘ib,1
axloqqa,1
tajovuz,1
partiyalarning,3
tashkilotlarining,3
belgilariga,1
harbiylashtirilgan,1
birlashmalarning,1
taqiqlanadi,2
maxfiy,1
jamiyatlar,1
birlashmalar,1
xatboshilari,1
etilishini,3
faoliyatiga,13
aralashishiga,2
xodimlarning,2
etadilar,2
qiladilar,1
tabaqa,1
guruhlarning,1
ifodalaydilar,1
o‘zlarining,1
saylab,1
hokimiyatini,1
tuzishda,1
moliyalashtirilishi,1
manbalari,1
palatasiga,8
organga,1
hisobotlar,3
davlatdan,1
ajratilgan,1
tengdirlar,1
aralashmaydi,1
ko‘rsatayotgan,1
qonunixiv,1
onalik,4
otalik,4
bolalikni,3
qo‘llabquvvatlash],3
bo‘g‘inidir,1
nikoh,3
qadriyatlariga,1
nikohlanuvchilarning,1
ixtiyoriy,1
roziligiga,1
huquqliligiga,1
oilaning,1
otaonalar,6
bolalarning,3
majburiyatlari,4
aliment,2
o‘rnini,1
bosuvchi,1
farzandlarini,1
voyaga,2
yetguniga,1
qadar,7
boqishi,1
tarbiyasi,1
olishi,1
topishi,1
xususida,1
qarovisiz,2
bolalarni,4
aniqlash,1
yetim,1
otaonasining,2
vasiyligidan,1
boqishni,1
tarbiyalashni,1
olishini,1
topishini,1
maqsadda,1
xayriya,1
rag‘batlantiradi lexuz,1
farzandlar,2
naslnasabi,1
holatidan,1
holatini,2
yaxshi,2
shartsharoitlarni,1
yaratish,3
bolalik,1
bolalarda,1
yoshlarda,1
sodiqlikni,1
mamlakatidan,1
boy,1
merosidan,1
faxrlanishni,1
vatanparvarlik,1
vatanga,1
mehrmuhabbat,1
tuyg‘ularini,1
yoshlarning,2
faol,1
etishini,2
rag‘batlantiradi[okoz,1
axloqiy,1
shakllanishi,1
joylashishga,1
bandlik,1
mulkiy,1
yetgan,1
layoqatli,1
otaonalari,1
moddasixv,1
erkindir,1
boradilar,1
oshirilishini,4
resurslaridan,1
vositalaridagi,1
etadigan,1
axborotning,1
ishonchliligi,1
senzuraga,1
qo‘yilmaydi,4
vositalarining,1
aralashish,2
sabab,2
bo‘ladito‘rtinchi,1
tuzilishixvi,1
bo‘linish]modda,1
viloyatlar,15
tumanlar,10
shaharlar,10
shaharchalar,3
qishloqlar,3
ovullar,1
respublikasidan,1
shahrining,1
chegaralarini,3
o‘zgartirish,12
roziligi,1
qonunixvii,1
tarkibiga,3
kiradi,2
konstitutsiyasiga,12
o‘zgartirish]modda,1
chegaralari,1
o‘zgartirilishi,1
masalalarini,2
tarkibidan,5
ajralib,1
munosabatlari,1
doirasida,5
tuzilgan,4
bitimlar,1
o‘rtasidagi,1
nizolar,1
murosaga,1
keltiruvchi,1
vositalar,1
yordamida,1
etiladibeshinchi,1
etilishixviii,1
organi,5
hokimiyatni,2
palatali,1
parlament,11
om,1
palatadan,1
senatdan,1
iborat,12
muddati,6
besh,11
deputatlar,15
senat,32
deputatining,4
saylanadigan,2
yuz,4
ellik,1
deputatdan,1
senatorlardan,1
jo‘qorg‘i,5
kengesi,2
deputatlarining,2
qo‘shma,5
majlislarida,8
orasidan,11
yashirin,8
shahridan,1
miqdorda,1
to‘rt,2
kishidan,1
saylanadi,11
senatining,9
to‘qqiz,1
nafar,1
adabiyot,1
ishlab,4
tarmoqlarida,1
katta,1
amaliy,1
tajribaga,1
ko‘rsatgan,1
obro‘li,1
saylash,15
yigirma,1
yoshga,2
to‘lgan,2
kamida,10
muqim,2
deputati,8
deputatlikka,1
nomzodlarga,1
qo‘yiladigan,1
talablar,1
paytning,1
o‘zida,4
palatasining,9
vaqtning,3
kengesining,2
birgalikdagi,2
vakolatlari,18
quyidagilardan,5
konstitutsiyasini,1
qo‘shimchalar,8
qonunlarini,4
shartnomalarni,1
ratifikatsiya,2
denonsatsiya,1
referendumini,2
sanasini,1
qaror,5
siyosatining,3
strategik,1
dasturlarini,3
tuzilmalarini,1
haqidagi,2
qarorlarni,2
tasdiqlash,6
bojxona,1
valyuta,2
solish,2
mahkamasining,15
taqdimiga,16
budjetini,2
budjet,4
qarzining,1
miqdorini,1
to‘lovlarni,1
joriy,5
viloyatlarni,1
nomini,1
o‘zgartirish lexuz,1
mukofotlari,3
unvonlarini,2
markaziy,23
komissiyasini,3
vakilini,2
o‘rinbosarini,2
majlisning,1
vakili,3
ombudsman,2
prezidentining,21
respublikasiga,2
hujum,2
qilinganda,2
tajovuzdan,2
birbirini,2
majburiyatlarini,2
bajarish,4
zaruriyati,2
tug‘ilganda,2
urush,2
farmonini,1
qisman,2
safarbarlik,2
favqulodda,5
holat,4
qilishini,1
uzaytirish,1
farmonlarini,2
korrupsiyaga,3
kurashish,5
eshitish,7
tekshiruvini,2
o‘tkazish lexuz,1
vakolatlarni,12
palatalarning,2
vakolatlariga,2
kiradigan,1
qoida,2
tariqasida,2
avval,1
palatasida,2
so‘ngra,1
senatida,1
mutlaq,3
budjetining,2
nazoratni,6
hisob,4
hisobotini,3
bosh,35
vaziri,6
nomzodini,2
vazirining,1
mamlakatni,1
rivojlantirishning,2
dolzarb,2
hisobotlarini,3
nomzodlarni,5
shaxslariga,2
so‘rovini,2
nazoratining,2
spikeri,11
o‘rinbosarlarini,7
qo‘mitalarning,2
raislari,3
prokurorining,5
deputatini,1
masalalarni,8
palataning,2
tartibqoidalari,2
bu,2
sonining,15
uchdan,10
qismidan,7
ko‘pchilik,8
ovozi,9
qilishi,5
sudini,2
sudyalar,18
kengashini,3
organining,6
rahbarini,2
monopoliyaga,2
prokurori,8
raisi,25
lavozimlariga,2
lavozimiga,6
nomzod,3
maslahatlashuvlar,2
davlatlardagi,3
huzuridagi,6
diplomatik,4
vakolatxonalari,2
rahbarlarini,3
lavozimidan,16
banki,8
raisini,6
vazirliklarni,2
amnistiya,6
hujjatlarni,6
raisining,2
rahbarlarining,1
mahalliy,44
ko‘maklashish,1
qarorlarini,6
taqdirda,7
yuborilgan,2
davrda,2
qonunlarni,3
senatorlar,7
tugagach,1
tegishincha,6
chaqiriq,1
boshlaguniga,1
davom,2
ettirib,2
turadi,2
majlislari,5
saylovdan,1
keyin,9
oydan,2
kechiktirmay,4
tarkib,1
topganidan,1
komissiyasi,6
sessiyalar,2
davrida,4
sentyabrning,1
kunidan,1
kelgusi,1
yilning,1
iyun,1
oyi,2
oxirgi,1
kuniga,1
o‘tkaziladi[okoz,2
zaruratga,1
qarab,1
lekin,1
yiliga,1
marta,3
palatalarining,5
ishida,2
yarmidan,2
ko‘pi,2
etayotgan,1
qilishda,2
vazir,7
kengashi,11
prokuror,1
etishlari,1
alohidaalohida,1
o‘tkazadilar,1
qasamyod,2
qilganda,2
nutq,2
so‘zlaganda,2
rahbarlari,1
kelishuviga,1
majlislar,1
kiritilgan,5
deputatlari,38
hollar,1
yettinchi,2
o‘ninchi,1
qismlari,3
to‘qqizinchi,2
beshinchi,1
ijodkorligi,7
tashabbusi,6
jumlasiga,1
loyihalarini,5
tayyorlash,6
loyihasini,1
subyektlari,1
kiritish,7
nafardan,1
takliflarini,3
tartibida,2
kiritishga,2
qilinib,1
imzolangach,1
manbalarda,1
qilingach,1
hujjatlarning,3
kundan,5
o‘n,8
senatiga,5
oltmish,3
kun,7
ichida,11
chiqiladi,1
imzolanishi,4
prezidentiga,5
yuboriladi,2
qilmasa,1
imzolaydi,5
qaytariladi,1
chiqishda,1
yana,1
kelgan,1
kelishmovchiliklarni,1
kelishuv,3
palatalar,1
odatdagi,1
i,1
isonli,1
tasdiqlangan,2
majlisiga,5
qaytarishga,2
avvalgi,1
tahririda,1
qo‘llanilishining,1
o‘rinbosarlari],4
o‘rinbosarlari,6
muddatiga,4
surunkasiga,9
muddatdan,9
ko‘prog‘ining,2
muddatidan,4
ilgari,4
chaqirib,2
majlislarini,2
chaqiradi,2
ularda,2
raislik,4
kiritiladigan,4
tayyorlashga,2
rahbarlik,6
qo‘mitalari,4
komissiyalarining,2
muvofiqlashtirib,2
boradi,3
qarorlarining,4
ijrosi,2
parlamentlararo,2
guruhlarining,2
ko‘radi,7
hujjatlarida,2
oshiradi,12
farmoyishlar,4
o‘rinbosarlari]modda,1
saylaydi,4
o‘rinbosarlaridan,1
biri,1
bo‘ladi,5
ishini,2
borish,3
dastlabki,2
ijrosini,3
qo‘mitalarni,2
zarurat,1
muayyan,6
vazifalarni,4
komissiyalar,1
asoslariga,1
salbiy,1
ko‘rsatishi,2
soladigan,1
faktlar,1
voqealarni,1
o‘rganish,1
tekshiruvi,1
komissiya,3
tuzilib,1
oshiradimodda,1
deputatlariga,1
deputatlik,1
senatorlik,1
xarajatlar,1
senatda,1
doimiy,3
asosda,2
ishlovchi,1
pedagogik,2
faoliyatdan,2
shug‘ullanishlari,1
foydalanadilar,1
senatning,1
beriladigan,1
choralariga,1
maqomi,4
qonunixix,1
vakolatlarning,5
boshlig‘idir,1
kelishilgan,2
yuritishini,1
hamkorligini,1
o‘ttiz,1
yoshdan,1
kichik,1
tilini,1
biladigan,1
saylovgacha,1
saylanishi,8
yetti,1
muddatga,8
prezidentini,1
vazifasini,1
bajarib,1
lavozimni,1
egallashi,3
shug‘ullanishi,2
shaxsi,1
yig‘ilishida,1
quyidagi,1
qasamyodni,1
kirishgan,1
xalqiga,2
sadoqat,1
respublikaning,2
kafolat,1
zimmasiga,2
yuklatilgan,1
vijdonan,1
yaxlitligining,1
kafilidir,1
masalalariga,1
choratadbirlar,1
ichkarisida,1
muzokaralar,2
bayonnoma,1
bitimlarini,1
shartnomalarga,1
bitimlarga,1
majburiyatlariga,1
huzurida,1
akkreditatsiyadan,1
o‘tgan,1
vakillarning,1
ishonch,1
chaqiruv,1
yorliqlarini,1
vakolatxonalarining,1
bandi,6
oshirishning,1
tuzadi,2
tugatadi,1
masalalarga,1
farmonlarni,1
keyinchalik,1
tasdig‘iga,3
birichi,1
nomzodni,1
vazirini,1
lavozimga,11
tayinlaydi,8
qo‘mitalar,1
agentliklar,1
tashkiliy,7
tuzilmasi,3
prokurorini,1
avgustdagi,1
pfsonli,2
tubdan,1
takomillashtirish,1
choratadbirlari,1
to‘g‘risida”gifarmoni[okoz,1
kuchlari,2
maslahatlashuvlardan,1
tarkiblariga,1
rahbari,2
bandlari,1
sudlov,18
sudyalarning,10
saylanish,5
tayinlanish,3
kengashining,4
shahar,14
sudlari,3
raislarini,1
rais,5
hokimlarini,2
hokimini,1
hokim,5
qadrqimmatiga,1
dog‘,1
tushiradigan,1
xattiharakat,1
etgan,2
tuman,12
hokimlarning,4
hujjatlarini,2
to‘xtatadi,1
muhokama,1
ovozga,2
qarorini,2
favquloddagi,1
holatlar,1
xavfsizligining,1
real,1
tartibsizliklar,1
yirik,1
halokat,1
ofat,1
epidemiyalar,1
joylarida,3
palatalari,3
kiritadi,2
shartlari,1
reglamenti,2
mudofaani,2
prezident,1
qo‘mondon],1
qurolli,7
kuchlarining,1
qo‘mondoni,1
kuchlarning,2
qo‘mondonlarini,1
unvonlar,5
ordenlari,1
medallari,1
yorlig‘i,1
mukofotlaydi,1
malakaviy,1
faxriy,9
fuqaroligiga,1
boshpana,1
sakkizinchi,1
taqdimnomalar,1
shaxslarni,2
maydagi,1
etishni,2
nizomni,1
farmoni,1
nizomning,1
bo‘linmalar,1
kengash,1
maslahat,1
boshchilik,5
administratsiyasini,1
maslahatkengash,1
organlarni,1
bajarishni,1
topshirishga,1
asoslanib,1
farmonlar,1
tarkibida,1
normal,2
bo‘lmaydigan,2
ixtiloflar,2
berganda,2
necha,1
bamaslahat,1
oy,6
mobaynida,2
amaldagi,4
vazifalarini,3
bajara,1
olmaydigan,1
holatlarda,1
vazifa,1
vaqtincha,1
yuklatiladi,1
bunda,2
to‘liq,2
saylovi,5
tugashi,1
munosabati,1
umrbod,1
lavozimini,4
egallaydixx,1
tarkibi,6
vazirlardan,1
hukumatining,1
boshlig‘i,1
lavozimi,1
belgilanadigan,1
yo‘nalishlari,1
dasturlari,1
konsepsiyalar,1
samarali,3
ilmfan,1
saqlashni,1
iqtisodiyotning,1
sohaning,1
tarmoqlarini,1
dasturlarning,1
bajarilishi,5
javobgar,3
hududlarni,6
o‘sishni,1
makroiqtisodiy,1
barqarorlikni,1
sharoitlarini,1
oziqovqat,1
kompleks,3
aholini,2
ko‘rsatishini,2
boyliklarni,1
biologik,1
xilmaxillikni,1
iqlim,1
o‘zgarishiga,1
epidemiyalarga,1
pandemiyalarga,1
oqibatlarini,1
yumshatish,1
yoshlarga,1
oilani,1
qadriyatlarni,1
institutlarini,1
choratadbirlarini,1
sheriklik,1
farmonlari,3
farmoyishlari,1
muvofiqlashtiradi,1
yo‘naltiradi,1
xizmatchilari,1
ochiqlik,2
shaffoflikni,1
samaradorlikni,1
faoliyatida,3
korrupsiya,1
holatlariga,1
xizmatlarining,1
kengaytirish,1
normalar,1
korxonalar,1
muassasalar,1
saylangan,1
zimmasidan,1
soqit,1
biroq,1
shakllantirilguniga,1
ishlashi,1
shaxsan,2
qonunlarida,1
bajaradimodda,1
nomzodi,3
saylangandan,1
shakllangandan,1
so‘ng,3
etilganidan,1
chiqqanidan,1
fraksiyalari,1
o‘tkazilganidan,1
taqdimnoma,1
chiqadi,4
chiqilayotganda,1
uzoq,1
istiqbolga,1
mo‘ljallangan,1
dasturini,1
berilgan,2
vazirni,3
palatasini,1
yuborishga,1
nomzodlari,1
tarkibini,1
chiqarishga,1
eshitishga,1
yakunlariga,1
taklifni,2
so‘rovlariga,2
berishi,1
doirasi,1
tus,1
nomiga,1
vazirga,2
ishonchsizlik,2
votumi,2
bildirish,2
masala,1
kiritiladi,1
bersa,1
holatda,1
birga,1
chiqadixxi,1
kengashlari,9
shaharlarda,1
tumanga,2
bo‘ysunadigan,2
shaharlardan,1
kengashiga,2
viloyat,9
hokimi,8
egallab,1
kengashlarining,5
yangidan,1
birliklarda,1
kengashlariga,2
navbatdagi,1
saylovlarga,1
davrdan,1
oshmaydigan,1
o‘tkaziladimodda[okoz,1
ijroiya,3
hokimliklar,3
hududdagi,2
hokimiyatga,1
shaharning,1
budjeti,5
budjetlarni,1
kadrlar,4
mukofotlar,4
esdalik,4
nishonlar,4
yorliqlar,4
taqdirlash,4
individual,4
aktlar,4
hokimni,1
hisobotlarni,1
hokimlarining,1
farmoyishlarini,1
rivojlantirishni,1
budjetni,1
tayinlanadi,5
shaharlarning,2
hokimlari,2
yakkaboshchilik,1
qilayotgan,1
organlarning,1
viloyatni,1
tumanni,1
shaharni,1
oqsoqol,1
ovullarda,1
ovullardagi,1
mahallalarda,1
yig‘inlari,1
raisni,1
tizimiga,4
kirmaydi,1
ahamiyatga,1
molik,1
rivojlanishning,1
xususiyatlaridan,1
qadriyatlardan,1
urfodatlar,1
oshirishi,1
oshirishida,1
ko‘maklashadi[okoz,1
yig‘ini,1
qonunlarixxii,1
saylovchi,1
xohishirodasini,1
kengesiga,1
tugaydigan,1
yilda,1
oktyabr,1
kunligining,1
yakshanbasida,1
hollari,1
saylovini,2
tayinlashga,1
saylanganidan,1
fuqaroni,1
muomala,1
topilgan,2
saqlanayotgan,2
o‘ta,1
jinoyatlar,1
etganlik,1
hukmiga,1
saylovda,1
bilvosita,1
ikkidan,1
okrug,1
uchastka,1
saylovlarni,1
mustaqillik,2
kollegiallik,1
oshkoralik,1
adolatlilikdan,1
tuziladi,2
komissiyalari,1
komissiyasining,3
tavsiyasi,1
yillik,5
majlisida,1
emasxxiii,1
hokimiyatdan,1
partiyalardan,1
institutlaridan,1
sudlar,3
tuzishga,1
muvofiqligi,5
ishlarni,3
tavsiya,1
siyosat,1
mutaxassislar,1
sudyalari,1
huquqisiz,1
sudining,4
farmoyishlarining,1
hukumat,1
shartnomaviy,1
majburiyatlarining,1
muvofiqligini,2
aniqlaydi,2
imzolanguniga,2
shartnomalarining,1
chiqarilayotgan,1
masalalarning,1
xulosa,2
beradi,3
konstitutsiyasining,1
sharh,1
ishda,2
qo‘llanilishi,1
murojaatini,1
amaliyotini,1
umumlashtirish,1
natijalari,1
yili,1
palatalariga,1
mamlakatdagi,1
qonuniylikning,1
sudda,3
tugallangan,1
qo‘llanilgan,1
sudiga,1
sudni,1
sudlarning,3
o‘rinbosari,3
hamjamiyatining,1
korpusining,1
shakllantirilishini,1
mustaqilligining,1
mustaqildirlar,1
bo‘ysunadilar,1
aralashishga,2
ishlar,2
hisobdor,1
bo‘lmaydi lexuz,1
protsess,1
ishtirokchilarining,1
sudyaning,1
sudyani,2
ishning,1
chetlashtirishga,1
turishga,1
tugatilishi,1
senator,1
sudlarda,1
ko‘riladi,1
yopiq,1
majlisda,1
tinglashga,1
hollardagina,1
qo‘yiladi[okoz,1
tilida,3
qoraqalpoq,1
joydagi,1
so‘zlashadigan,1
boriladi,1
ishlari,1
borilayotgan,1
tilni,1
bilmaydigan,1
qatnashuvchi,1
materiallari,1
ishlarida,1
ona,1
so‘zlash,1
moliyalashtirish,2
moddiytexnik,1
budjetidan,3
kerakxxiv,1
ko‘rsatadi,1
advokatlik,1
litsenziyalash,1
advokaturani,1
oshirayotganda,1
advokatga,1
himoyasidagi,1
moneliksiz,1
xoli,1
uchrashish,1
maslahatlar,1
himoyasida,1
qilinadixxv,1
aniq,1
xilda,1
bo‘ysunuvchi,1
prokurorlar,2
prokuraturaning,3
markazlashtirilgan,1
viloyatlarning,1
prokurorlari,2
prokurorlarining,1
organlaridan,1
tashkilotlardan,1
shaxslardan,1
bo‘ysungan,1
maqsadlarni,1
ko‘zlovchi,1
turadilar,1
jinoyatchilikka,1
kurash,1
tezkorqidiruv,1
tergov,1
bajaruvchi,1
bo‘linmalarini,1
tartibotni,1
ko‘rsatishlari,1
mumkinxxvi,1
pul,8
iqtisod,1
muomalasi,2
inflyatsiya,2
bo‘linmalari,3
budjetlardan,1
iboratdir,2
tartibtaomillari,1
shaffoflik,1
shakllantirilishi,1
jarayonida,1
soliqlarni,1
so‘mdir,1
so‘m,1
cheklanmagan,1
to‘lov,3
belgilarini,1
kiritishda,1
muomaladan,1
chiqarishda,1
bankidan,1
banklardan,1
pulkredit,1
mamlakatda,1
banklar,1
solishni,1
tizimlarining,1
bajarishda,1
mustaqildir,1
bankining,1
mikromoliyalashtirish,1
qonunlarixxvii,1
suverenitetini,1
yaxlitligini,1
kuchlar,1
kuchlarni,1
darajada,1
kuchlariga,1
egaoltinchi,1
tusdagi,2
ko‘pchiligi,1
modda,1
normalarini,2
qo‘llashning,1
kiritilgandan,1
olti,1
keng,1
muhokamani,1
etsa,1
o‘tgandan,1
keyingina,1
kiritilishi,1
mumkinqonunchilik,1
bazasi,1
y,1
son,1
